{
    "name": "aventure",
    "title": "L'aventure de Grand Maitre Chat",
    "description": "L'aventure de Grand Maitre Chat",
    "version": "0.0.1",
    "minimumCoreVersion": "0.8.9",
    "compatibleCoreVersion": "0.8.9",
    "templateVersion": 2,
    "author": "Netelow",
    "esmodules": ["module/aventure.js"],
    "styles": ["css.aventure.css"],
    "scripts": [],
    "packs": [],
    "languages": [],
    "gridDistance": 1.5,
    "gridUnits": "m",
    "primaryTokenAttribute": "",
    "secondaryTokenAttribute": "",
    "url": "",
    "manifest": "",
    "download": "",
    "license": "LICENSE.txt" 
}